India,9000000
India,7300000
India,6800000
India,6700000
India,6600000
India,4800000
India,3900000
India,3600000
India,3300000
India,3300000
India,3200000
India,2900000
India,2200000
India,2100000
India,2000000
India,1800000
India,1800000
India,1700000
India,1700000
India,1700000
India,1700000
India,1700000
India,1700000
India,1600000
India,1600000
India,1500000
India,1500000
India,1500000
India,1400000
India,1400000
India,1400000
India,1400000
India,1300000
India,1300000
India,1200000
India,1200000
India,1200000
India,1100000
India,1100000
India,1100000
India,1100000
India,1100000
India,1000000
India,1000000
India,968700
India,945200
India,942900
India,936000
India,931000
India,928100
India,909400
India,868400
India,855000
India,850600
India,843600
India,778400
India,743900
India,739900
India,723800
India,720100
India,719600
India,716900
India,671600
India,642800
India,639000
India,616200
India,605900
India,599200
India,567400
India,566800
India,556500
India,556500
India,544300
India,534300
India,524800
India,522900
India,454300
India,453700
India,450600
India,439400
India,439300
India,439300
India,436500
India,436100
India,423900
India,422800
India,409700
India,409400
India,408900
India,405400
India,398700
India,393300
India,380700
India,379400
India,372700
India,359100
India,356000
India,345800
India,314800
India,314600
India,297900
India,291600
India,281600
India,261500
India,258900
India,239700
India,236800
India,234100
India,231200
India,210700
India,205300
India,205200
India,199400
India,198600
India,195000
India,193800
India,174700
India,172500
India,165200
India,152700
India,150600
India,148700
India,137800
India,133900
India,128400
India,127300
India,123900
India,123000
India,118800
India,114700
India,114400
India,111900
India,111500
India,104700
India,102400
India,101300
India,98900
India,96200
India,96000
India,95600
India,92100
India,89000
India,88900
India,84200
India,81100
India,81100
India,74100
India,69100
India,57100
India,55600
India,52600
India,46000
India,44300
India,43100
India,30500
India,23700
India,5600
India,4200
India,3400
India,4
India,0.04
India,0.03
India,0.01
India,0
India,0
India,0
India,0
India,0
